{
  "unigram": {
    "clean": {
      "detection_rate": 0.965,
      "mean_z": 8.175396727502083,
      "n_samples": 200
    },
    "synonym_30": {
      "detection_rate": 0.92,
      "mean_z": 6.226655306200399,
      "n_samples": 200
    },
    "swap_20": {
      "detection_rate": 0.95,
      "mean_z": 7.486711507494928,
      "n_samples": 200
    },
    "typo_10": {
      "detection_rate": 0.935,
      "mean_z": 6.708819730002525,
      "n_samples": 200
    },
    "copypaste_50": {
      "detection_rate": 0.235,
      "mean_z": 3.0006445411982052,
      "n_samples": 200
    },
    "paraphrase": {
      "detection_rate": 0.5714285714285714,
      "mean_z": 4.642748888073183,
      "n_samples": 7
    }
  }
}