{
  "gpw": {
    "clean": {
      "detection_rate": 1.0,
      "mean_z": 13.366510199067365,
      "n_samples": 200
    },
    "synonym_30": {
      "detection_rate": 0.99,
      "mean_z": 11.12078484793116,
      "n_samples": 200
    },
    "swap_20": {
      "detection_rate": 1.0,
      "mean_z": 12.695606990603292,
      "n_samples": 200
    },
    "typo_10": {
      "detection_rate": 0.995,
      "mean_z": 11.641972215998178,
      "n_samples": 200
    },
    "copypaste_50": {
      "detection_rate": 0.73,
      "mean_z": 5.316259776875028,
      "n_samples": 200
    }
  },
  "gpw_sp": {},
  "gpw_sp_low": {},
  "gpw_sp_sr": {}
}