{
  "semstamp": {
    "clean": {
      "detection_rate": 0.03,
      "mean_z": 0.4185899925662329,
      "n_samples": 100
    },
    "synonym_30": {
      "detection_rate": 0.01,
      "mean_z": 0.28161077446821364,
      "n_samples": 100
    },
    "swap_20": {
      "detection_rate": 0.02,
      "mean_z": 0.20172179335836063,
      "n_samples": 100
    },
    "typo_10": {
      "detection_rate": 0.03,
      "mean_z": 0.2285562071485833,
      "n_samples": 100
    },
    "copypaste_50": {
      "detection_rate": 0.01,
      "mean_z": 0.1559429588939265,
      "n_samples": 100
    }
  }
}