{
  "semstamp": {
    "clean": {
      "detection_rate": 0.010752688172043012,
      "mean_z": 0.6706963314929799,
      "n_samples": 93
    },
    "synonym_30": {
      "detection_rate": 0.0,
      "mean_z": 0.42572490836004395,
      "n_samples": 93
    },
    "swap_20": {
      "detection_rate": 0.0,
      "mean_z": 0.5411817432455375,
      "n_samples": 93
    },
    "typo_10": {
      "detection_rate": 0.0,
      "mean_z": 0.5807467301296056,
      "n_samples": 93
    },
    "copypaste_50": {
      "detection_rate": 0.0,
      "mean_z": 0.5498423122345156,
      "n_samples": 93
    }
  }
}