{
  "kgw": {
    "clean": {
      "detection_rate": 0.945,
      "mean_z": 6.89587138635282,
      "n_samples": 200
    },
    "synonym_30": {
      "detection_rate": 0.75,
      "mean_z": 5.044724105397494,
      "n_samples": 200
    },
    "swap_20": {
      "detection_rate": 0.765,
      "mean_z": 5.078926165692177,
      "n_samples": 200
    },
    "typo_10": {
      "detection_rate": 0.86,
      "mean_z": 5.665340857950813,
      "n_samples": 200
    },
    "copypaste_50": {
      "detection_rate": 0.085,
      "mean_z": 2.406633333019942,
      "n_samples": 200
    },
    "paraphrase": {
      "detection_rate": 0.5,
      "mean_z": 3.2101962095282714,
      "n_samples": 6
    }
  }
}