{
  "watermark": "SEMSTAMP",
  "model": "opt-1.3b",
  "params": "lsh_dim=3, max_rejections=1",
  "num_samples": 200,
  "total_experiments": 1000,
  "mean_generation_time": 2.8672029197216036,
  "mean_perplexity": 19.37158203125,
  "clean_detection_rate": 0.05,
  "clean_mean_z": 0.012086994410138338,
  "synonym_detection_rate": 0.055,
  "synonym_mean_z": 0.009456633871853208,
  "swap_detection_rate": 0.05,
  "swap_mean_z": -0.02688391108022047,
  "typo_detection_rate": 0.04,
  "typo_mean_z": 0.0028478701863868566,
  "copypaste_detection_rate": 0.055,
  "copypaste_mean_z": 0.015108910442131841
}