{
  "watermark": "SEMSTAMP",
  "model": "gpt2",
  "params": "lsh_dim=3, max_rejections=1",
  "num_samples": 200,
  "total_experiments": 1000,
  "mean_generation_time": 1.2543766701221466,
  "mean_perplexity": 18.381362845897673,
  "clean_detection_rate": 0.085,
  "clean_mean_z": 0.1147735194247325,
  "synonym_detection_rate": 0.075,
  "synonym_mean_z": -0.0002600216210521333,
  "swap_detection_rate": 0.07,
  "swap_mean_z": 0.08105586590362995,
  "typo_detection_rate": 0.075,
  "typo_mean_z": 0.042721318293554654,
  "copypaste_detection_rate": 0.08,
  "copypaste_mean_z": 0.05331410531064004
}